plrID,plrNAME,GESIx_2013,GESIx_2022,ESIx_2013,ESIx_2022,DI_2013,DI_2022,DII_2013,DII_2022,DIII_2013,DIII_2022
01011101,Stülerstr.,.70700312,.87645614,.36569428,.37217203,.61668533,.75277644,.06563177,-.055861462,1.1962581,1.6375602
01011102,Großer Tiergarten,,,,,,,,,,
01011103,Lützowstr.,-1.4910268,-1.5584612,-.96274322,-.96761262,-.16532983,-.44076282,-1.6309689,-1.3711512,-2.2273395,-2.4057195
01011104,Körnerstr.,-1.7241974,-.7871176,-2.1263702,-1.2641577,-1.0487362,-.67429048,-2.9186726,-1.6929224,-.51757973,.35816917
01011105,Nördlicher Landwehrkanal,,1.5780597,,1.2484518,,1.1419803,,1.1958225,,1.8335866
01011201,Wilhelmstr.,1.1661986,.6284253,.65399492,.52726662,.48914447,.38002425,.73108768,.60731483,1.9112432,.6789273
01011202,Unter den Linden Nord,,,,,,,,,,
01011203,Unter den Linden Süd,,1.4339732,,.99200666,,.91200787,,.94558549,,1.9597147
01011204,Leipziger Str.,.63956213,.69982684,.49667439,.50454247,.76697713,.6156016,.15972435,.32918519,.74023479,.8981362
01011301,Charitéviertel,.52775019,1.1962057,1.0254173,1.1880349,1.1606737,1.2139227,.75256306,1.0107456,-.64021522,.87753373
01011302,Oranienburger Str.,.66643935,.81047368,.78542751,.71414161,.88084191,.71271896,.58461887,.62455505,.23760417,.78481025
01011303,Alexanderplatzviertel,.33495122,.6352244,.39155316,.40251881,.41013521,.44801876,.32042974,.30572242,.12807702,.93605918
01011304,Karl-Marx-Allee,-.21626265,.20470373,.18931739,.086341172,-.11666297,-.30759922,.46989378,.46927837,-.96457285,.43500364
01011305,Heine-Viertel West,.53550327,1.0347698,.56464714,.78010976,.34775802,.55044949,.70576793,.91035396,.34785956,1.2991927
01011306,Heine-Viertel Ost,-.060205199,.77608192,.51112521,.85482836,.25221863,.68694067,.70144534,.91377789,-1.192366,.41472337
01011401,Invalidenstr.,.69663608,.96393347,.84941405,.97115862,.90604693,.9690541,.6788007,.8495,.19347288,.68095219
01011402,Arkonaplatz,.75002384,1.224784,.89060307,1.0236986,1.046643,1.050929,.61505568,.86600941,.25027552,1.297956
01022101,Huttenkiez,-.93461198,-1.6017652,-1.0981411,-1.732406,-1.0562875,-1.5442154,-.99263829,-1.6998211,-.3527064,-.90522408
01022102,Beusselkiez,-1.8123937,-2.280973,-1.6361061,-1.7371641,-1.4559255,-1.2969394,-1.5967425,-1.9560072,-1.6989292,-2.8204544
01022103,Westhafen,,,,,,,,,,
01022104,Emdener Str.,-.8745147,-.6154812,-1.0707971,-.72470784,-.71960419,-.53127801,-1.2783028,-.82578188,-.26415256,-.23833743
01022105,Zwinglistr.,-1.1871626,-.72620142,-1.5706129,-1.2811605,-1.2587065,-1.0730081,-1.6717634,-1.3260435,-.1077268,.60425115
01022106,Elberfelder Str.,.26895443,.49668151,.19771366,.41951436,.13433382,.601147,.23456286,.18441942,.34684002,.49914268
01022201,Stephankiez,-.97576833,-.6584484,-.91197729,-.8065353,-.56056678,-.4519076,-1.1410122,-1.0583793,-.86946487,-.20592257
01022202,Heidestr.,-2.0265596,-.3414562,-2.3704758,-.65729886,-1.6031677,-.32100397,-2.8196964,-.90982854,-.83538324,.37259248
01022203,Lübecker Str.,-1.4389786,-1.4968007,-1.5842408,-1.7078059,-1.258597,-1.4353853,-1.6973,-1.762586,-.77945453,-.67181545
01022204,Thomasiusstr.,-.048628908,.28614059,-.15387477,.33316353,.12152185,.53842705,-.40862337,.085442096,.15953694,.087212093
01022205,Zillesiedlung,-1.9125491,-2.370723,-2.4417977,-2.4874771,-.88739091,-1.5274756,-3.6685469,-3.1304781,-.43019104,-1.5710492
01022206,Lüneburger Str.,.55012655,.12583753,-.025584409,.025139796,.28267905,.57443964,-.33041477,-.52736384,1.5561538,.24118653
01022207,Hansaviertel,.41149005,.30151114,.39156422,.31652859,.68411481,.72237629,.046470758,-.12965705,.32062343,.14333346
01033101,Soldiner Str.,-1.8766011,-1.8303934,-1.7125793,-1.7805194,-1.9291543,-2.2269092,-1.2661982,-1.1072227,-1.6922294,-1.3770046
01033102,Gesundbrunnen,-1.5667593,-1.248174,-1.2790515,-1.2960538,-1.4801878,-1.5537251,-.90628308,-.87321514,-1.7193198,-.77420008
01033201,Brunnenstr.,-1.1393434,-1.4701349,-1.7034233,-1.7411516,-1.5603918,-1.9573457,-1.6178774,-1.3030674,.30838901,-.4762136
01033202,Humboldthain Süd,-.89733422,-.88852412,-.93038481,-.72354847,-1.1401852,-.79525286,-.59573877,-.55963612,-.57379979,-.9756757
01033203,Humboldthain Nordwest,-2.170073,-2.0057576,-1.9284858,-2.1235063,-1.7872689,-1.8755333,-1.8109246,-2.1008625,-2.0911586,-1.2298833
01044101,Rehberge,-.77812845,-.84955436,-.75132352,-.8896845,-.93021047,-.87762606,-.47161868,-.7883628,-.61108565,-.53124207
01044102,Schillerpark,-.6224373,-.75213939,-.56021494,-.87929475,-.88592881,-.91392416,-.15932748,-.73260927,-.55894369,-.27555528
01044103,Westliche Müllerstr.,-1.0849853,-1.0593781,-1.0320555,-1.0661125,-.9234553,-.76997626,-1.0021672,-1.226385,-.90966362,-.78211349
01044201,Reinickendorfer Str.,-1.6369392,-1.6236789,-1.767873,-1.788913,-1.8647529,-2.0064037,-1.4337674,-1.3434458,-.92306322,-.80619615
01044202,Sparrplatz,-1.1199385,-1.3272738,-1.1891432,-1.3440936,-.89419848,-.81624663,-1.3245202,-1.700651,-.69920254,-.97918874
01044203,Leopoldplatz,-2.4150159,-2.1280358,-1.9720719,-2.1438024,-1.6029727,-1.5290949,-2.0765443,-2.4853065,-2.6980731,-1.5685462
02010101,Askanischer Platz,-1.8704134,-1.8211219,-2.3588724,-2.2334678,-1.6291728,-1.1276835,-2.7720418,-3.0546219,-.42319995,-.57707739
02010102,Mehringplatz,-2.5918868,-1.6328057,-2.9476662,-2.2204082,-2.1704566,-1.6506472,-3.3293369,-2.5072033,-1.2254281,-.020847416
02010103,Moritzplatz,-2.2539194,-1.8920236,-2.5687108,-2.1174505,-2.7634282,-2.3455038,-2.0293055,-1.619552,-.99180901,-.87395966
02010104,Wassertorplatz,-2.7761753,-1.9712766,-3.4616098,-2.9278507,-2.3663025,-2.0462937,-4.0924139,-3.4362867,-.70983487,.46664792
02020201,Gleisdreieck/Entwicklungsgebiet,,1.3399963,,1.0272489,,1.1317271,,.79185951,,1.6043874
02020202,Rathaus Yorckstraße,-.14212939,-.31104875,-.39189401,-.76928192,-.23132206,-.24286126,-.49987885,-1.1976664,.39461252,.66952175
02020203,Viktoriapark,.021068919,.2661337,-.16554955,.041010909,-.051176235,.28474748,-.25770825,-.20795204,.38834965,.63287795
02020204,Urbanstraße,-.55168676,-.29036444,-.44340411,-.32388169,.0050879642,.12883258,-.83239704,-.73532093,-.65711033,-.18820865
02020205,Chamissokiez,-.21704103,-.061582427,-.48648193,-.214641,-.041820783,.34224209,-.8658635,-.74417055,.35951138,.21366353
02020206,Graefekiez,-.81931013,-.30882624,-1.069479,-.72277516,-.65772241,-.37309721,-1.3377253,-.98034364,-.11806779,.59810776
02030301,Oranienplatz,-2.7772892,-1.7263213,-2.9139283,-1.7593549,-1.6530809,-1.5169816,-3.7837641,-1.7775185,-1.8435574,-1.2032343
02030302,Lausitzer Platz,-1.6159066,-1.0584911,-2.0938146,-1.3906211,-1.2462995,-.8325299,-2.6603668,-1.7714934,-.2670655,-.1347319
02030401,Reichenberger Straße,-1.1205037,-1.0073515,-1.159277,-.91675127,-.65758574,-.45363653,-1.505408,-1.2630365,-.7766872,-.96410358
02030402,Wrangelkiez,-.7124939,-.67932701,-1.1778126,-.8617456,-.58065307,.015674956,-1.6169249,-1.6293465,.38616493,-.20539466
02040501,Barnimkiez,-.60515565,-.91495317,-.031043427,-.12285964,-.45985061,-.5693354,.40192938,.33927318,-1.58445,-2.2550108
02040502,Friedenstraße,.2062144,.11622564,.32899845,.29240638,.075458385,.24799336,.53839117,.29955554,-.081655838,-.27664104
02040503,Richard-Sorge-Viertel,.42495981,.39604113,.59174424,.55775201,.51716107,.58336186,.586923,.461063,-.024416247,-.052133702
02040701,Andreasviertel,-.007791114,-.18679413,.056731276,-.072967894,-.057096593,-.34919751,.16294654,.21256064,-.12928267,-.34142816
02040702,Weberwiese,.55270404,.83087343,.55707896,.71939313,.57394737,.71612942,.46545771,.63097841,.39417556,.8311336
02040703,Wriezener Bahnhof/Entwicklungsgebiet,,-2.2588511,,-1.7129636,,-.97710365,,-2.2305257,,-2.8402262
02050601,Hausburgviertel,-.43692276,.10379165,-.02450091,.3431443,.042564463,.46509218,-.088278577,.17746659,-1.1668776,-.43426481
02050602,Samariterviertel,.098266624,.12328246,-.012838789,.35677961,.14541414,.56146991,-.16936892,.10662181,.28741571,-.41685456
02050801,Traveplatz,-.51089531,-.25084904,-.030766804,.13280225,-.11328103,.15863022,.055875935,.090050146,-1.3485005,-.97915494
02050802,Boxhagener Platz,.28776601,.66383135,.49777028,.62499231,.43690276,.6547932,.49184346,.51554328,-.2140497,.55646271
02050803,Stralauer Kiez,-.086595528,.29123774,.16523898,.32485664,-.018692803,.26329309,.32699782,.34502089,-.56447834,.14704542
02050804,Stralauer Halbinsel,-.27333656,.92002624,1.2898844,1.1262281,1.3581424,1.1360836,1.0485406,.9728477,-3.3979108,.23548494
03010101,Bucher Forst,-1.4573673,-.058134481,-.70046371,.0072336816,-.58791822,-.42453164,-.71901596,.43807715,-2.6202972,-.13157457
03010102,Buch,-1.038196,-.89114177,-.43886924,-.66587317,-.88514012,-.90039527,.066292256,-.34649312,-1.9514824,-1.0852517
03010104,Lietzengraben,,,,,,,,,,
03020203,Blankenfelde,.74207002,1.1973376,.90951085,1.152002,.69063741,.97063315,1.0063397,1.1865613,.21663088,.97743195
03020209,Niederschönhausen,.63098514,.76099753,.73649347,.90949428,.74299246,.8816539,.63116658,.82143003,.2456148,.24434593
03020210,Herthaplatz,.31608549,.82246,.6074577,.70154387,.8456893,.56755126,.28771308,.74613267,-.38110775,.85852075
03020307,Buchholz,.81380498,.87488341,.67364013,.78260773,.73390114,.78598642,.52298534,.67949462,.87728935,.82237726
03030405,Karow Nord,.74319679,.41330066,.58158749,.35255015,.54310054,.11439615,.5420329,.54577565,.87656111,.44955677
03030406,Alt-Karow,1.3367093,1.1823875,1.2712734,1.2794721,1.3222038,1.2381958,1.0497545,1.1576942,1.1078498,.65649182
03030711,Blankenburg,1.1372608,1.0210898,1.2616185,1.358175,1.2186975,1.228376,1.1352464,1.31489,.58104169,.051933665
03030715,Heinersdorf,.9368512,.85312265,1.0049924,.69055372,1.0424269,.371934,.83270085,.92117029,.54346454,.98663056
03030716,Märchenland,1.4442517,1.013463,1.4152845,1.5343418,1.2818669,1.3196082,1.3587891,1.5535411,1.1253276,-.32557103
03040508,Rosenthal,1.1534925,.91355473,1.0454133,1.0412328,1.0252516,1.0557466,.92529392,.8940258,1.0660489,.39310965
03040512,Wilhelmsruh,.91289741,.86918718,.94647026,1.0035613,.86371678,.90632051,.90221965,.97290957,.60521924,.35908663
03040513,Schönholz,.64914668,1.2150012,.82984662,1.1658717,1.0336682,.96409714,.51467037,1.2190692,.091082469,1.0002148
03040614,Pankow Zentrum,.41989878,.65526474,.51570356,.66814566,.42499465,.60700274,.53721172,.64414108,.11802731,.45272538
03040818,Pankow Süd,.26465562,.52222812,.42747173,.61407804,.30340028,.60638982,.49418199,.54350907,-.13001092,.18731149
03050919,Gustav-Adolf-Straße,-.018311499,.064679489,.55567116,.13254026,.33962131,-.093061924,.69715714,.3412517,-1.1702275,-.070019603
03050920,Weißer See,-.34943277,.15474434,.46545324,.62199098,.20779778,.65833437,.66065085,.50638193,-1.9015253,-.86084545
03050923,Weißenseer Spitze,-.24102682,.10818589,-.080947287,.33526322,-.12326659,.53030038,-.027765902,.097500615,-.50024766,-.41341496
03050924,Behaimstraße,-.62128633,.022353927,-.18104078,.25206473,-.17295867,.34045592,-.16482955,.13155074,-1.3543264,-.46948522
03050925,Komponistenviertel Weißensee,.04566016,.51677477,.34740323,.50102586,.21870498,.49008313,.42948443,.44811851,-.57365412,.40678883
03051017,Rennbahnstraße,.57246429,.12668382,.23999503,-.0037447042,.15635198,-.30348602,.29143384,.29647383,1.1039174,.39369395
03051021,Buschallee,-.4167178,.14880438,.041406337,.098880336,-.41343173,.16357486,.4906882,.021584645,-1.2078047,.20401955
03051022,Hansastraße,.34655169,.25255921,.39165056,.24662302,-.075238198,.0892976,.80598485,.37251917,.19507501,.21131314
03061126,Arnimplatz,.085522324,.48490244,.34485632,.5602991,.44428039,.65563333,.199157,.39356118,-.47432235,.18352976
03061131,Falkplatz,.3694306,.71639585,.57355839,.75004643,.56032759,.96061176,.50982499,.44389623,-.14574087,.42490265
03061227,Humannplatz,.58424503,.87777203,.65753412,.86510414,.70661849,.90198511,.52021712,.71797556,.27416176,.65586269
03061228,Erich-Weinert-Straße,.075319186,.061504614,.12031255,.32087031,-.051433824,.3987616,.27591452,.20208775,-.024416247,-.50159115
03061332,Helmholtzplatz,.057541829,.46282837,.29057693,.41757473,.69145203,.82043517,-.14928983,-.038500823,-.46281615,.38503003
03061429,Greifswalder Straße,-.15240593,-.74445343,-.12695776,-.26658931,-.40308258,-.38612026,.16620316,-.11308461,-.14355616,-1.5152711
03061430,Volkspark Prenzlauer Berg,-.64721769,-1.936461,-.76161426,-.91693157,-.65625024,-2.3224072,-.76477951,.60539657,-.24740304,-3.3618274
03061434,Anton-Saefkow-Park,.091571093,.0026252104,.38303533,.35324746,.29421812,.57104456,.42045411,.090433016,-.52194917,-.74814731
03061435,Conrad-Blenkle-Straße,-.4214668,-.72215778,-.18223853,-.014612492,-.52805215,.01921678,.18802914,-.04657957,-.77202648,-1.9916437
03061441,Eldenaer Straße,1.4015183,1.5672926,1.5102153,1.1810083,1.5862635,1.350468,1.2315156,.86104268,.79776567,1.9139794
03071536,Teutoburger Platz,1.0233994,.81612331,.84663612,.85941774,.91900343,.97771323,.6606611,.63159931,1.1044999,.48669568
03071537,Kollwitzplatz,.66134357,.95831245,.6980775,.91990077,.95495111,1.0344461,.34753084,.6881246,.39024308,.75910574
03071633,Thälmannpark,-1.2608844,-.58949924,-1.452592,-.58498853,-.26495099,-.092007965,-2.4453139,-1.003419,-.61647463,-.48722333
03071638,Winsstraße,.37386546,.86549205,.68323159,.83086121,.74348199,.92038906,.53130031,.63544953,-.3627561,.68693519
03071639,Bötzowstraße,.62392038,.85861164,.68094724,.69194263,.77716696,.88096344,.49335319,.41474158,.33300349,.94512564
04010101,Jungfernheide,-.62667167,-.77897447,-.85226816,-.8293609,-1.3513094,-.89431375,-.23886347,-.65871543,.038357958,-.45085225
04010102,Plötzensee,,,,,,,,,,
04010103,Paul-Hertz-Siedlung,-.87795186,-1.0594871,-1.2980342,-1.5109409,-1.3520085,-1.754894,-1.0698804,-1.0744356,.21968949,.19718847
04020204,Olympiagelände,,,,,,,,,,
04020205,Siedlung Ruhleben,1.6405853,1.5234079,1.436015,1.4766364,1.3244494,1.2115512,1.3548859,1.5535411,1.6260648,1.2246456
04020206,Angerburger Allee,.56378305,.70802295,.60726291,.43738705,.9900924,.72565925,.14294651,.093374841,.29600894,1.0414265
04020207,Flatowallee,1.4092958,1.3159527,1.1099023,1.2325391,1.1278214,1.0849915,.94304854,1.2230135,1.6412121,1.1383862
04020208,Kranzallee,.85881323,.34313715,.51180625,.6871143,1.2684543,1.0262055,-.31351963,.2604582,1.2824816,-.50150549
04020209,Eichkamp,1.274806,1.5411892,1.5325531,1.4759924,1.5545886,1.3573507,1.3048687,1.4065357,.40451655,1.2601088
04020310,Park Ruhwald,,,,,,,,,,
04020311,Reichsstraße,.92947388,1.0549829,.7164377,.79937774,.74829572,.87726742,.58844292,.61961651,1.1128019,1.2830453
04020312,Branitzer Platz,-.0016717995,.87041575,-.51789486,.66611427,.93574363,.8691836,-1.9020386,.37815624,.94836551,1.0301689
04020313,Königin-Elisabeth-Straße,.58587939,.5324825,.44697332,.31515396,.42554,.50856745,.40842861,.081577688,.71387249,.81430322
04020314,Messegelände,,,,,,,,,,
04030415,Schloßgarten,-3.0308611,-1.8541319,-2.21259,-1.4276392,-1.0375295,-.38666987,-3.0907495,-2.2866724,-3.9733653,-2.333039
04030416,Klausenerplatz,-.58773369,-.24450761,-.90884507,-.78796434,-.20417836,-.0033083854,-1.4915565,-1.4722033,.17512125,.86677444
04030417,Schloßstraße,.38480711,.34122613,-.015315585,.29817745,.43260592,.52572727,-.46118194,.032628316,1.0664859,.31133103
04030518,Tegeler Weg,-.40574512,-.076759562,-.44445497,-.30686891,-.37059474,-.082943976,-.45867509,-.49168688,-.22307986,.39784288
04030519,Kaiserin-Augusta-Allee,-.57495284,.14674129,-.61286807,-.14974809,-.47645834,.061135452,-.6670388,-.34154794,-.35299772,.69815326
04030620,Alt-Lietzow,-.027107662,.11939104,-.24724509,-.073811114,.071282431,.33917049,-.53259552,-.47738633,.40684691,.44280007
04030621,Spreestadt,-.85089678,-.29382786,-1.0427868,-.79731458,-.30181152,.19694851,-1.6438335,-1.6899691,-.28396064,.72603172
04030622,Richard-Wagner-Straße,-.36339736,-.23995879,-.70747447,-.44664162,-.13436396,.058372065,-1.1856511,-.89473593,.39563203,.20160723
04030623,Ernst-Reuter-Platz,-.42548022,-.10211594,-.73493427,-.69039547,-.20298868,.12470198,-1.1682612,-1.4175099,.2824637,1.0592315
04030724,Lietzensee,.42661682,.49359941,.16230048,.33715487,.32230768,.64950109,-.019485358,-.018157898,.84044045,.64737523
04030725,Amtsgerichtsplatz,.65903592,.68995875,.48391852,.6296494,.58420837,.63323283,.31869304,.54582435,.8325755,.62261784
04030726,Droysenstraße,.38972443,.45419019,.056522332,.21586895,.19385216,.35924748,-.088392064,.044980381,.9557935,.80663651
04030827,Karl-August-Platz,-.16118592,.209176,-.54271173,.054202981,-.32735127,.13462745,-.6852473,-.033129036,.64585501,.4637008
04030828,Savignyplatz,.47185403,.6996606,.31873763,.64223254,.4519304,.69970584,.14277439,.50291407,.64833099,.61791766
04030929,Hindemithplatz,.23168164,.67816675,.25389126,.43976679,.78060013,.91446495,-.30688652,-.090974621,.08613044,.9332298
04030930,George-Grosz-Platz,.58110809,.88687652,.44995263,.5666281,.7745077,.75937921,.065019712,.30166671,.6695956,1.2835201
04030931,Breitscheidplatz,.75297207,.63612413,.071912505,.46322224,.45340353,.37975669,-.31922826,.48765537,1.9144474,.82643741
04031032,Halensee,.6292817,.75301653,.42338002,.51336724,.48586625,.69865656,.30408162,.26265511,.87641549,1.0206085
04041133,Güterbahnhof Grunewald,,,,,,,,,,
04041134,Bismarckallee,.61053526,.6745801,.46467638,.62907505,1.0780118,1.0516062,-.2110126,.1263755,.70032728,.53628927
04041135,Hundekehle,.92786109,1.0805379,1.0520639,.89156246,1.4178919,1.2830659,.54506254,.3864395,.39869064,1.1300169
04041136,Hagenplatz,1.0474088,1.1357799,.96855789,1.0547223,1.0721226,1.1665128,.73502523,.80851942,.91981852,.97589421
04041137,Flinsberger Platz,.64195496,.51397669,.46825463,.56598759,.52277458,.55180609,.35090095,.50804043,.82048672,.26463819
04041238,Kissinger Straße,.58061749,.72854263,.79747272,.82369548,.72414064,.81585389,.76379418,.72656649,-.01291007,.32938525
04041239,Stadion Wilmersdorf,,,,,,,,,,
04041240,Messelpark,1.4479475,.91690916,1.4260308,1.4465297,1.4878534,1.2952982,1.1728531,1.4134176,1.0995479,-.42013139
04041241,Breite Straße,.90706253,.86012572,.70623755,.72662419,.95049244,.97976822,.36721465,.38088021,1.0561448,.87064075
04041342,Schlangenbader Straße,-.0044808351,-.074201539,-.30767316,-.25364822,-.056939695,.14953586,-.51712084,-.62450773,.59793687,.2756016
04041343,Binger Straße,.26918936,.65294051,.23397754,.51740527,.55205148,.69404423,-.11549316,.27482888,.24590608,.73345679
04041344,Rüdesheimer Platz,.89329863,.8479014,.55326748,.81472135,.76950496,.90061659,.26278859,.62499917,1.3324387,.67161775
04051445,Eisenzahnstraße,.34407574,.55681592,.22281779,.31498903,.2276179,.29085368,.18811841,.29898262,.49904197,.90578127
04051446,Preußenpark,.71207547,.64349139,.47948563,.57082111,.62098563,.75290585,.27364483,.3159917,.98579699,.5957303
04051447,Ludwigkirchplatz,.23022982,.40779898,.25807133,.48470736,.35410985,.5480215,.12740298,.35962281,.10462771,.12815134
04051448,Schaperstraße,.50680256,.60518676,.3977474,.38809916,.45948148,.52905995,.28264073,.19767958,.58905232,.87185311
04051549,Rathaus Wilmersdorf,.27436525,-.12257063,.15036353,.048915837,.1901865,.16060802,.090363711,-.069010116,.45112386,-.45585278
04051550,Leon-Jessel-Platz,.42094499,.51614618,.29804263,.26402825,.37988541,.5694955,.17620638,-.075086415,.55307734,.86272359
04051551,Brabanter Platz,.13345943,-.017415829,-.11703369,.063843846,.076690577,.22137995,-.29505354,-.10182843,.59531522,-.19777966
04051652,Nikolsburger Platz,.50038677,.63214821,.3675558,.5718528,.54078072,.67733061,.14500964,.3934989,.62488168,.57003254
04051653,Prager Platz,.39140964,.30823544,.057848804,.4030678,.43445691,.60175931,-.32652187,.15300989,.9405005,.0047418927
04051654,Wilhelmsaue,-.16176249,.95666075,.39623004,.68678355,.76121449,.50859249,-.021923369,.77745187,-1.2844155,1.268894
04051655,Babelsberger Straße,.17598797,.17157698,-.28761634,-.018075002,.22177975,.60862768,-.75841802,-.64247423,1.0389584,.4503842
04051656,Hildegardstraße,.39103451,.91002959,.64753592,.75982064,.69490665,.85769063,.51327419,.56512016,-.24128585,.95780206
04061757,Forst Grunewald,,,,,,,,,,
05010101,Hakenfelde Nord,-.21178123,-.22674008,.10170034,.15444371,.074623734,.12520379,.11513007,.16400155,-.79329103,-.95078492
05010102,Goltzstraße,-.33683869,-.51354229,-.31586474,-.48309913,-.53868663,-.40762314,-.05065788,-.49700963,-.27318272,-.44177943
05010103,Amorbacher Weg,.37821719,.053023953,.21975741,.079298936,.51172274,.45659843,-.10169654,-.3081063,.57929391,-.056312557
05010204,Griesingerstr.,-1.9558531,-1.4001503,-1.0426666,-.75874472,-1.2804589,-1.2288762,-.6649617,-.1919198,-3.2789166,-2.2902844
05010205,An der Tränke,1.4602326,.98011559,1.3877088,1.2155819,1.2989478,1.0306305,1.2902572,1.2456212,1.2227659,.23889439
05010206,Gütersloher Weg,-1.1114372,-1.3977616,-.97368777,-1.225055,-1.2576244,-1.8852539,-.55909479,-.40873682,-1.0739543,-1.2966769
05010207,Darbystr.,-1.3788049,-1.5841265,-1.8554343,-1.7890539,-1.7087029,-1.638921,-1.7531904,-1.7111924,-.045680828,-.73444122
05010208,Germersheimer Platz,-1.0760313,-1.362932,-1.0767269,-1.097995,-1.398191,-1.2979883,-.61077988,-.75807488,-.76255935,-1.5116689
05010209,An der Kappe,.65317768,.24784689,.50187588,.21527858,.38929099,.051251989,.54711545,.35187036,.79499835,.26383653
05010310,Eckschanze,-1.0405668,-1.2338188,-.92750442,-1.0197874,-1.2656024,-.91767102,-.46494734,-.99194366,-.96777713,-1.3450658
05010311,Eiswerder,-1.4463537,-1.5502443,-.97231317,-1.2660607,-1.5579457,-1.608959,-.25620872,-.76181751,-1.9841075,-1.6715683
05010312,Kurstr.,-1.8411947,-2.0631914,-1.5688882,-1.8368597,-1.8799126,-1.8436691,-1.0473391,-1.5959635,-1.8806976,-1.957576
05010313,Ackerstr.,-.80130631,-1.4543959,-.69454551,-.87738997,-1.1232907,-1.303584,-.17260131,-.33938262,-.7733373,-2.200597
05010314,Carl-Schurz-Str.,-.58093691,-.63049901,-.76313215,-.80145949,-1.0137084,-.78532422,-.41015351,-.71545786,-.034757242,-.10234559
05010339,Freiheit,,,,,,,,,,
05020415,Isenburger Weg,1.3949385,1.3398618,1.4084848,1.3101265,1.3378599,1.2069585,1.2901093,1.246334,.99788576,1.0396416
05020416,Am Heideberg,.81629407,.66565758,.6911397,.72394454,.6282056,.53588217,.66133177,.81974846,.85733563,.37958586
05020417,Staakener Str.,1.0580399,.38592783,1.0279235,.55837435,.79412448,.30860314,1.1237884,.73698711,.85238355,-.052413888
05020418,Spandauer Str.,.55105352,-.16533281,.35351032,.14416105,.11887859,-.19105323,.5407055,.46100363,.82354534,-.72531408
05020419,Magistratsweg,-.92996526,-.96751666,-.76546085,-.92144763,-1.2831056,-1.443777,-.14510113,-.28169033,-.97899199,-.73827243
05020420,Werkstr.,,1.2827692,,.91211313,,.86568761,,.84230024,,1.6991794
05020521,Döberitzer Weg,1.3235457,.80108982,1.241917,1.1084543,1.006054,.88406658,1.3111306,1.1915822,1.1519811,-.035177916
05020522,Pillnitzer Weg,-1.1693801,-1.4097056,-1.5889202,-1.6179669,-2.0252774,-2.0619802,-.93935037,-.96776211,.032968991,-.5384807
05020523,Maulbeerallee,-1.904845,-2.6088033,-2.2745092,-2.9922016,-2.5967569,-3.3825877,-1.6470518,-2.2204936,-.61516374,-1.0465325
05020524,Weinmeisterhornweg,.85843402,.67298663,.79369748,.58583248,.92531264,.50931287,.55557835,.58769441,.7507214,.67453712
05020625,Borkumer Str.,-.37231207,-.42545506,-.38690189,-.094873026,-.77817178,-.33765039,.056285236,.15999483,-.214341,-.9665997
05020626,Adamstr.,-.65426117,-.77757591,-.68384296,-.69209975,-1.0062479,-.74616063,-.26967511,-.5498386,-.39494428,-.73266268
05020627,Tiefwerder,-1.4842924,-1.2005876,-1.2619315,-1.4477552,-.75903767,-1.0917847,-1.5954905,-1.6192259,-1.5762937,-.39193958
05020628,Graetschelsteig,.045200083,-.43145382,-.033830967,-.65565741,-.26602423,-1.2565348,.20290197,.028776029,.21124192,.21728708
05020629,Börnicker Str.,1.2863859,1.264801,1.1806178,1.0210197,1.2373357,.94783694,.96547633,.96408504,1.1530007,1.4260269
05030730,Zitadellenweg,.33326945,-.17343943,.40839788,.19857399,.30124399,.27619919,.46075001,.095642798,.098073564,-.90466511
05030731,Gartenfelder Str.,-.61101556,-.90886194,-.79444689,-.94362795,-1.2807609,-1.1848741,-.20152837,-.58212727,-.037233256,-.55823857
05030832,Rohrdamm,-.26680931,-.22694087,-.23266858,-.42692128,-.48763302,-.53071564,.053516984,-.26872066,-.24652916,.26182941
05030833,Motardstr.,.52505225,,1.3249283,,1.1132791,,1.3587891,,-1.2344582,
05040934,Alt-Gatow,.71147394,1.3020525,1.3832829,1.0410814,1.3904873,.9137916,1.1904598,1.0356972,-.85227841,1.4943013
05040935,Groß-Glienicker Weg,,,,,,,,,,
05040936,Jägerallee,1.6336483,1.4133977,1.423622,1.39615,1.3739984,1.3060477,1.2822138,1.3083289,1.6276668,1.0654379
05040937,Kladower Damm,1.7568562,1.4799153,1.3293455,1.3542751,1.4208442,1.2922121,1.0594656,1.2437512,2.1518533,1.3351777
05040938,Kafkastr.,1.3607212,1.0103756,1.49131,1.3883877,1.3857694,1.1698992,1.3967361,1.4299419,.73630226,-.031217547
06010101,Fichtenberg,.99769193,1.1040053,1.144978,1.1344324,1.1554327,1.1486747,.98088217,.97561973,.42825714,.73220849
06010102,Schloßstr.,.6966663,.48746294,.57912159,.6903708,.61195588,.66919708,.46857661,.6235646,.74737149,-.066584609
06010103,Markelstr.,.78188407,.7394433,.6763463,.83625311,.6317113,1.0520869,.63022429,.5138483,.79077458,.31003901
06010204,Munsterdamm,.35955608,.50842601,.25129947,.35849538,.15194185,.44021711,.31693596,.23108749,.49132267,.66908926
06010205,Südende,.72235817,.53523844,.39498413,.49780405,.32227585,.59452373,.41469064,.33764493,1.2023753,.45362628
06010206,Stadtpark,.49698901,.49800789,.40633535,.40608439,.51581115,.64550751,.24233462,.11491042,.54084289,.52454841
06010207,Mittelstr.,.46867386,.42178968,.2265702,.39885998,.23861155,.60247695,.18412605,.14441282,.83650798,.33031169
06010208,Bergstr.,.32908306,.34351951,.11758331,.38965642,.2238875,.72627062,-.0044990447,.0033849736,.66508049,.1164977
06010209,Feuerbachstr.,.42643419,.43194506,.32822356,.46424937,.32987651,.53363502,.28252724,.33570042,.51244158,.23740342
06010210,Bismarckstr.,.46535304,.70662731,.081013493,.48330069,.16184826,.64811742,-.010692239,.25689277,1.1196473,.9554649
06020301,Alt-Lankwitz,.29435882,.41774377,.2811361,.18462804,.3953388,.57647383,.12920852,-.23074649,.23410861,.74312574
06020302,Komponistenviertel Lankwitz,.81523901,.8079533,.80745959,.82055402,.70335191,.7836017,.80321658,.75293612,.619784,.56093556
06020303,Lankwitz-Kirche,-.084008589,.068079092,-.022441417,-.047080323,-.22789234,.10227719,.18602085,-.19043799,-.17239442,.27199855
06020304,Kaiser-Wilhelm-Str.,-.055825192,.36860922,.19989078,.11983752,.068694837,.054360863,.30426395,.17004226,-.55370039,.78873795
06020305,Gemeindepark Lankwitz,-.78356153,-.44125804,-.38126922,-.22137065,-.31017476,.10892506,-.40120226,-.5234552,-1.4000598,-.80944282
06020306,Lankwitz Süd,.74545825,.77243882,.88535047,.84572619,.86510891,.85108644,.78678942,.73258781,.26105347,.4049935
06020407,Thermometersiedlung,-.70386422,-.21265228,-.5638544,-.3575609,-1.0286826,-.65318382,-.023364237,-.016370924,-.76736575,.1783637
06020408,Lichterfelde Süd,.14106897,.31387338,.31039846,.16107161,.21644598,.15410818,.36269948,.14750831,-.23589687,.54405367
06020409,Königsberger Str.,.42147246,.5586006,.73095649,.6192072,.5336684,.47311834,.8301596,.68638521,-.30959466,.29304776
06020410,Oberhofer Platz,1.0842327,1.0589677,1.023175,.98761922,.99430948,.90477908,.91474372,.94459856,.91996413,.92101896
06020411,Schütte-Lanz-Str.,.97629648,.73113304,.86975861,.6874187,.74536377,.6018486,.87744308,.68538511,.94079179,.62740898
06030501,Berlepschstr.,1.3476524,.83594626,1.0094718,.96868789,1.0967407,.90287799,.78674477,.9110496,1.6703417,.33513838
06030502,Zehlendorf Süd,.38980094,.31175482,.22483619,.067035705,.113763,.27792686,.30573925,-.15239839,.63012505,.70992202
06030503,Zehlendorf Mitte,.69466323,.89843285,.77298075,.74586248,.82222289,.93462449,.62001455,.46204883,.34465531,.94466507
06030504,Teltower Damm,1.2366987,1.0168024,1.1124655,1.0858877,1.2164282,1.0398024,.85922432,.99358892,1.1509616,.5955407
06030605,Botanischer Garten,.78952116,.95544809,.84597164,.86888379,.70360208,.88987547,.87482274,.73716283,.47253409,.86681104
06030606,Hindenburgdamm,.35100806,.53120977,.15164207,.46449542,.14275749,.41425711,.14017825,.45553908,.66464353,.52704293
06030607,Goerzwerke,1.1131266,.63829339,1.1840775,.95836359,1.158866,.90987045,1.050401,.88472426,.67119771,-.19771405
06030608,Schweizer Viertel,1.174644,.99847215,1.1762837,1.1333765,1.2096684,1.0848382,.98505688,1.0374788,.85354877,.44611993
06030609,Augustaplatz,.94781399,.75576115,.85257441,.85135788,.79378974,.7694602,.79695457,.82475972,.89214545,.35598248
06030610,Lichterfelde West,1.259643,1.3442366,1.1473384,1.183808,1.0553315,1.148394,1.0853872,1.0683591,1.1575158,1.3065416
06040701,Wannsee,1.2719086,1.124474,1.2694651,1.217751,1.2358001,1.1613301,1.1327842,1.1189834,.93787885,.62419736
06040702,Düppel,.89553791,1.0747077,.82339561,.5127303,1.2926848,.88364118,.24361737,.076477788,.76863611,1.9012827
06040703,Nikolassee,1.282246,1.2386396,1.2633644,1.2115786,1.2851329,1.2187999,1.0720688,1.0499555,.97501904,.94930619
06040804,Krumme Lanke,1.5141971,1.5777649,1.3459086,1.3649323,1.4390315,1.3299667,1.0721823,1.225953,1.4447333,1.5836807
06040805,Fischerhüttenstr.,1.4135389,1.1106256,1.1377476,1.0479352,1.182544,1.1861643,.94028026,.77615881,1.5941678,.91685128
06040806,Fischtal,1.2517362,1.1394427,1.1745752,1.0620803,1.2510303,1.123112,.94050723,.86569864,1.0677967,.9762733
06040807,Zehlendorf Eiche,.93878835,.75879884,.89724731,.933671,1.0940812,1.0176158,.58001447,.73074043,.7574212,.17619565
06040808,Hüttenweg,1.6534693,1.3072336,1.4561117,1.350964,1.4001992,1.3505592,1.3166327,1.1792036,1.6167433,.85286373
06040809,Thielallee,1.4258819,1.4568216,1.4160514,1.3800765,1.50346,1.3675883,1.1386268,1.2166897,1.0568731,1.2118737
06040810,Dahlem,1.4455111,1.3749453,1.5343759,1.2539337,1.5177282,1.0821735,1.3451301,1.2658943,.87714368,1.2614831
07010101,Wittenbergplatz/Viktoria-Luise-Platz,-.37765896,-.33373478,-.30402049,-.42355323,.42101169,.25718334,-.98825705,-1.0503128,-.47898307,-.12703127
07010102,Nollendorfplatz,-1.4472992,-1.080019,-1.8323439,-1.3592546,-.50518018,-.83754265,-2.9136307,-1.7077451,-.36799943,-.25605896
07010103,Barbarossaplatz,.49761432,.46680063,.16147043,.15128937,.47277451,.50384068,-.17150091,-.22054204,1.0281805,.95352662
07010104,Dennewitzplatz,-1.315892,-1.1326141,-2.0356395,-1.6198821,-.96096343,-.80179971,-2.8371589,-2.231529,.43000492,.10575391
07020201,Bayerischer Platz,.58743906,.59285867,.25419942,.44993857,.45127717,.64846706,.023011358,.19407053,1.096198,.70307624
07020202,Volkspark (Rudolf-Wilde-Park),-.065366894,-.17403078,-.35711482,-.21956317,-.1130674,-.32987639,-.55324203,-.081269123,.5305019,-.019482398
07020203,Kaiser-Wilhelm-Platz,-.52572286,-.29953393,-.78156191,-.56207311,-.19993539,-.059539624,-1.2583129,-.99297684,.096034497,.27467126
07020204,Schöneberger Insel,-.32984778,.12385151,-.27138829,-.059891265,.05586791,.52475423,-.56222767,-.6369043,-.384312,.40815938
07030301,Friedenau,.85534793,1.0702275,.74825144,.8814339,.96379989,.97458935,.43229732,.67594975,.82893425,1.1539154
07030302,Ceciliengärten,.51166332,.81219405,.58027875,.69898427,.77876806,.73513275,.30392349,.57375818,.21983513,.8170476
07030303,Grazer Platz,-.11426262,-.0014594602,-.33028111,-.21217005,-.43483812,.019925684,-.18140465,-.41722712,.36519164,.41110489
07040401,Neu-Tempelhof,.043066412,.13386026,-.043030061,.075941667,.13140747,.11898974,-.21169351,.023215694,.1947837,.21210881
07040402,Lindenhofsiedlung,-.26273304,-.50493652,-.35807988,-.26167732,-.57177788,.11733267,-.096332155,-.60733956,.017967267,-.90903366
07040403,Manteuffelstr.,-.037778988,.04189397,-.10746429,.0050884467,-.30703777,-.15316458,.1065295,.16269301,.12909655,.12336308
07040404,Marienhöhe,.52056319,.35955226,.038137004,-.16618556,-.0084644305,.1862386,.079620942,-.49743128,1.369579,1.3119636
07040405,Rathaus Tempelhof,-.091889225,-.20370014,-.1978903,-.19557127,-.55391973,-.45420718,.18469347,.087987967,.1749756,-.13637504
07040406,Germaniagarten,-1.4824085,-1.5453538,-2.0510108,-1.7168783,-1.9457227,-1.6898259,-1.8810797,-1.5251342,.069380946,-.76262194
07050501,Rathausstr.,-.28573126,-.38016108,-.37941602,-.37085894,-.65131563,-.7052772,-.056603689,.010821071,.001946007,-.2581096
07050502,Fritz-Werner-Str.,-.06969706,-.365482,-.23730353,-.24805166,-.49957201,-.42247012,.056808021,-.042021848,.31028244,-.48868918
07050503,Eisenacher Str.,.19847032,-.19378279,.0058222036,-.44089529,-.13303587,-.22926064,.14389901,-.59634286,.5487079,.34993926
07050504,Imbrosweg,-.34572366,-.37099847,-.15235284,-.28131041,-.29512405,-.34831184,.010862147,-.17845917,-.63759351,-.44657645
07050505,Hundsteinweg,.73313892,.47861344,.54261774,.254805,.35863623,.096747287,.65378696,.3803907,.93875271,.82622206
07050506,Birnhornweg,1.3237972,1.0300113,1.3928157,1.0742304,1.3034626,.90808028,1.2952709,1.1034821,.83388633,.66938877
07060601,Marienfelder Allee Nordwest,.081295505,-.80393475,-.11498598,-.71708357,-.1116421,-1.3395054,-.10290022,-.0032775803,.46015403,-.69411552
07060602,Kirchstr.,1.1000969,1.0294882,1.1392746,.9637239,1.0558053,.84722996,1.069868,.95740223,.73076767,.89174324
07060603,Marienfelde Nordost,.037798677,.737809,.45475158,.22664811,-.24988393,-.65628695,1.0983653,1.0806994,-.77319163,1.6860753
07060604,Marienfelde Süd,-.52847391,-.6550529,-.42435482,-.63863468,-.59381115,-.91327524,-.19795552,-.28260747,-.58705372,-.47761685
07070701,Kettinger Str./Schillerstr.,.57456863,.63717657,.83350319,.76445812,.73490518,.51718742,.82025582,.91430736,-.10146394,.22228923
07070702,Alt-Lichtenrade/Töpchiner Weg,.6660096,.34305796,.60111231,.39300308,.62320644,.43180925,.4983567,.30411315,.61818188,.13992931
07070703,John-Locke-Str.,-.59148896,-.44148883,-.51082045,-.49928761,-.59875709,-.48427299,-.35433832,-.4506737,-.59113187,-.20041047
07070704,Nahariyastr.,-.58825141,-1.1492947,-.87842578,-1.2143514,-1.3802383,-2.0305429,-.2587398,-.24340467,.19857055,-.60784954
07070705,Franziusweg/Rohrbachstr.,1.2749604,.7922613,1.0806479,.95762312,.98668045,.87827885,1.0296065,.91492921,1.3363713,.23742208
07070706,Horstwalder Str./Paplitzer Str.,.97227609,.46528864,1.0893935,.53772789,.91697288,.1483842,1.1156315,.85854429,.48447722,.22703053
07070707,Wittelsbacherstr.,1.0376859,1.1318862,1.3186949,1.138311,1.2090359,.81005621,1.2514023,1.3215011,.19303593,.83850181
08010115,Hasenheide,,,,,,,,,,
08010116,Wissmannstraße,-2.9172745,-2.5878675,-2.6552317,-3.4850042,-1.2092218,-1.5882392,-3.7449436,-4.937645,-2.7736642,-.20951664
08010117,Schillerpromenade,-1.4378264,-1.3418686,-1.5933865,-1.5042213,-1.2552073,-.91425526,-1.7177539,-1.9024915,-.7584812,-.69461626
08010118,Silbersteinstraße,-1.6247233,-1.6942331,-1.7679753,-1.8514256,-1.7959821,-1.945622,-1.5027291,-1.5212862,-.89393365,-.8868959
08010211,Flughafenstraße,-1.5263157,-1.5538024,-1.5500138,-1.8490834,-1.1506846,-1.3864889,-1.741351,-2.0760334,-1.0969667,-.55845726
08010212,Rollberg,-2.0613766,-2.1742623,-2.6947312,-2.6867549,-1.6502225,-2.2806678,-3.3776417,-2.7504458,-.2896409,-.54994988
08010213,Körnerpark,-1.5629439,-1.8088278,-1.4064362,-1.9537684,-1.2781409,-1.3322657,-1.3460058,-2.3262856,-1.4723011,-1.0710884
08010214,Glasower Straße,-2.299715,-2.6308141,-1.9690127,-2.3010037,-1.7488852,-1.9916314,-1.9249241,-2.3171391,-2.3737154,-2.6153893
08010301,Reuterkiez,-.92034638,-.75236219,-.79882503,-.73597872,-.53879654,-.45727107,-.95166153,-.92089427,-.94024968,-.60660243
08010302,Bouchéstraße,-.928307,-.9615283,-.94457084,-1.001873,-.94837606,-1.2282728,-.8140164,-.64779592,-.64560419,-.58626276
08010303,Donaustraße,-1.6800613,-1.429399,-1.9753714,-1.945732,-1.1945437,-1.4244959,-2.4911296,-2.2190068,-.68216175,-.016633796
08010404,Rixdorf,-1.4476504,-1.3119739,-1.3536347,-1.5605377,-1.0870404,-1.2978426,-1.4385886,-1.62436,-1.2702876,-.459521
08010405,Hertzbergplatz,-1.1137165,-1.0522436,-.84502703,-1.255885,-.93668002,-.65406078,-.63998234,-1.697661,-1.356948,-.40124652
08010406,Treptower Straße Nord,-2.1571214,-2.168592,-2.0118973,-2.4606719,-1.8232844,-2.5305605,-1.9305397,-2.0771987,-1.8882713,-.95220268
08010407,Gewerbegebiet Ederstraße,,,,,,,,,,
08010508,Weiße Siedlung,-1.6813443,-2.7653344,-2.1253271,-3.3044884,-2.2116461,-2.8433638,-1.7538165,-3.3444939,-.31687707,-.92712677
08010509,Schulenburgpark,-1.8774105,-2.8746421,-2.2145708,-3.396697,-2.3814251,-3.7645359,-1.7505497,-2.5959878,-.67269468,-.9533416
08010510,Gewerbegebiet Köllnische Heide,,,,,,,,,,
08020619,Buschkrugallee Nord,-1.4708196,-1.2512079,-1.5630943,-1.654379,-1.1305,-1.6723057,-1.7859415,-1.4256206,-.91869384,-.065308921
08020620,Tempelhofer Weg,-1.064159,-1.0281805,-1.0606334,-1.2377913,-1.0702467,-1.4211404,-.90869683,-.89669985,-.78498912,-.28803268
08020621,Mohriner Allee Nord,1.1237949,1.401582,1.4006381,1.1356382,1.4846846,1.1839782,1.128644,.94257408,.25056681,1.5577736
08020622,Parchimer Allee,-.11123332,-.052258711,-.13942882,-.25993094,-.15888129,-.26062,-.10126682,-.22611666,-.022377178,.39288932
08020623,Ortolanweg,-.63763458,-1.6904262,-.99447846,-1.6874748,.12310302,-.67492753,-1.9786137,-2.4849727,.18182105,-1.3338057
08020624,Britzer Garten,-.16355883,.43547893,-.38191205,.18952692,-.08635626,.59191263,-.62622017,-.23701185,.30503911,.78141683
08020625,Handwerker-Siedlung,.57940525,.20482938,.20737092,-.094426021,.2342474,.23965153,.15266792,-.41647005,1.1818389,.73271537
08020726,Buckow West,.70972121,.11241421,.66512024,.30370703,.66078293,.24595435,.58020699,.32275569,.61060822,-.30930316
08020727,Buckow Mitte,.454218,-.12349579,.42002416,-.080100983,.44341484,-.4540289,.34027165,.30403489,.40043843,-.13934313
08020728,Buckow Ost,-.14993735,-.30732906,-.13335541,-.57347745,-.3877908,-.97038323,.13897456,-.10348845,-.12520453,.37214583
08030829,Gropiusstadt Nord,-.89446044,-1.2842599,-1.031021,-1.4876976,-1.1295968,-1.7990768,-.79409546,-.98672837,-.36829072,-.47204214
08030830,Gropiusstadt Süd,-.2440121,-.63516164,-.50313967,-.70826328,-.59178871,-.65614158,-.34697583,-.67012495,.35718101,-.31241125
08030831,Gropiusstadt Ost,-.64519465,-1.5251312,-.96903318,-1.7047777,-.88503236,-1.4814821,-.92300224,-1.7108189,.18342318,-.75205082
08040932,Goldhähnchenweg,.36485818,-.12282195,.087609805,-.4574852,-.39822897,-.87176609,.56169248,.015096958,.86825919,.64919955
08040933,Vogelviertel Süd,.92155188,.042073093,.62021232,.11802889,.60480952,.16591713,.55239058,.055099204,1.2907835,-.13219203
08040934,Vogelviertel Nord,.2774778,.59868497,.49714005,-.030533232,.58142167,.012204595,.34614861,-.069379948,-.25177249,1.7320061
08041035,Blumenviertel,1.183674,.74223351,1.1907042,.88752973,1.0923408,.66462296,1.1292905,.99733096,.85864645,.2581757
08041036,Zittauer Straße,1.3885533,.99055636,1.1427797,.84981346,1.1482567,.71973133,.98395646,.87159652,1.5174115,1.0205302
08041037,Alt-Rudow,.66801673,.22051112,.63443613,.1588745,.57351482,-.1089862,.61022425,.40648845,.56167054,.31540838
08041038,Waßmannsdorfer Chaussee,1.1656662,.91927654,1.1012399,.87553865,1.1334748,.73320806,.92123276,.90629184,.98201013,.7692821
08041039,Frauenviertel,-.19210917,.51710922,.064169206,.21240051,.17448124,.58887291,-.054753516,-.19113992,-.67196643,.96489799
08041040,Waltersdorfer Chaussee Ost,.55468422,.51506907,.70762616,.32692012,.6707992,-.020375371,.64949882,.6325534,.096034497,.79872406
09010101,Elsenstr.,-.1054372,.31280905,.13473833,.19100119,-.18070827,.14792256,.43210477,.2097389,-.54496151,.48287022
09010102,Am Treptower Park Nord,,,,,,,,,,
09010201,Am Treptower Park Süd,.81218368,.47891015,.84490108,.74485481,.7058928,.69118476,.87053454,.70360166,.53734738,-.19998685
09010202,Köpenicker Landstraße,-.14726274,-.39810634,-.097784832,.11614458,-.51155758,-.071015202,.32910937,.28850305,-.17894858,-1.3335446
09010301,Baumschulenstraße,.054384004,.22668794,.27801043,.3670243,-.013561634,.20595852,.53227705,.48131701,-.39596382,-.11020464
09010302,Späthsfelde,1.3773607,.67727602,1.1568491,1.2190804,1.2885417,1.1262481,.86992246,1.1565548,1.4485201,-.6245507
09010401,Johannisthal West,.48089334,.46248391,.50886506,.54493797,.38920555,.40269601,.5602414,.61773378,.30329132,.17797507
09010402,Johannisthal Ost,.43953723,.63421017,.55581748,.61649138,.51657289,.54366857,.52047849,.61074942,.086858682,.50220859
09020501,Oberschöneweide West,-1.9513817,-.73619157,-.75030828,-.38629037,-1.3171035,-.60822761,-.082831338,-.11512481,-3.839952,-1.2331367
09020502,Oberschöneweide Ost,-.45150959,-.18930022,-.31017786,-.25465187,-.35102245,-.41434336,-.22771139,-.062507898,-.61603767,.015834477
09020601,Schnellerstraße,-.46311596,-.12192994,.21927945,.23980249,-.331018,-.29112637,.74015242,.74017125,-1.6929575,-.78148013
09020602,Oberspree,1.1190913,.00016744007,.85747766,.62279654,.60391086,.23191461,.99598199,.93431014,1.3713267,-1.2491208
09020701,Adlershof West,,1.648244,,1.2266736,,.90984946,,1.3871722,,2.0972545
09020702,Adlershof Ost,.26666364,-.014624243,.41037092,.28554577,.18346001,.040032282,.58221531,.49466971,-.082092777,-.6067484
09020801,Spindlersfeld,.31115475,.079107776,.25306597,.38645351,.37851903,.2480766,.093654752,.47558132,.33722726,-.5653643
09020802,Köllnische Vorstadt,-1.0194846,-.45700786,-.41253614,-.32405654,-1.1150695,-.89552653,.34535423,.28871077,-1.9348786,-.54471385
09030901,Dorf Altglienicke,1.0759587,.99479878,1.175333,1.1086997,1.1353806,.90822321,1.0575708,1.1678851,.58701324,.50316381
09030902,Wohngebiet II,-.83912832,-1.4134614,-.94391167,-1.1391816,-1.4599502,-1.6376042,-.30121231,-.4955833,-.36261046,-1.5357815
09030903,Kölner Viertel,.19061193,.045349218,.41550723,.11294405,.38531026,-.23740266,.38994849,.44889733,-.31775093,-.070158198
09031001,Bohnsdorf,1.003288,.87484986,1.0175356,.96802825,.89848793,.78012288,1.0000432,1.0325694,.71343559,.45821655
09031101,Grünau,1.0307475,.86599487,1.0677437,1.0045797,.93232465,.73865438,1.0598851,1.1424826,.6882385,.36598608
09031201,Karolinenhof,1.7249312,1.3653014,1.3995373,1.5247972,1.433566,1.3624961,1.1777087,1.4927802,1.9240602,.67198676
09031202,Schmöckwitz/Rauchfangswerder,1.4518251,1.1709875,1.3227037,1.2155328,1.3258417,1.0538049,1.1420759,1.2223549,1.3255934,.7699905
09041301,Kietzer Feld/Nachtheide,.41616589,.56710929,.47724068,.3413499,.37706441,.72326523,.51337743,-.084066615,.18691872,.83673346
09041302,Wendenschloß,1.8447784,1.4850883,1.3445598,1.4079742,1.4689254,1.2979121,1.0397717,1.3386061,2.3623145,1.2434131
09041401,Allende I,-.32717782,.046672288,.011010763,.27925786,.39971375,.32904387,-.37916973,.19388361,-.95816439,-.45378947
09041402,Siedlung Kämmereiheide,.82292587,.85824382,1.0851387,.73396844,.77541983,.32826573,1.249246,1.0461352,.088752106,.92019683
09041403,Allende II,,1.4613568,,.82831597,,-.0024685157,,1.5535411,,2.4554167
09041501,Altstadt Kietz,-.18859552,-.78640383,-.17715831,-.59336078,-.26604512,-.57102114,-.064499147,-.54008335,-.15491669,-.97015697
09041601,Müggelheim,1.2403926,1.4005754,1.302688,1.3022321,1.3089845,1.2210172,1.1215875,1.2174923,.77970535,1.2233611
09051701,Hirschgarten,.73879027,.16037031,.81876397,.36215028,.96172428,-.22539961,.56593603,.90354824,.36679378,-.24011064
09051702,Bölschestraße,1.0538359,1.0583737,.95382345,1.0025451,1.0574954,.87110138,.7221607,1.0062259,.96773666,.89358222
09051801,Rahnsdorf/Hessenwinkel,1.3352591,1.0729103,1.2429166,1.1724985,1.2636797,.97983843,1.05537,1.2157369,1.1639242,.58838135
09051901,Dammvorstadt,.14344238,.51845449,.41032562,.65431148,.16049379,.49807453,.60509706,.72716385,-.42218041,.10914723
09052001,Köpenick Nord,.64308923,.95411497,.80806816,.98459107,.69697696,.88336986,.810727,.96033734,.14147662,.63620037
10010101,Marzahn West,-1.0157866,-1.3052051,-1.2129561,-1.0647686,-2.0110118,-.86046702,-.2521373,-1.1333776,-.28279546,-1.4621927
10010102,Havemannstr.,-1.4232774,-1.158805,-1.2411584,-.85068494,-1.9865683,-.82517248,-.32920086,-.76778734,-1.3594241,-1.4778407
10010203,Gewerbegebiet Bitterfelder Str.,,-3.8243968,,-1.6303103,,-4.6063972,,1.5535411,,-6.9924707
10010204,Wuhletalstr.,-.93155158,-1.2584312,-.96448219,-.80523127,-1.6519455,-.94446152,-.14759777,-.56338346,-.56462395,-1.8330019
10010205,Marzahn Ost,-1.0880942,-.54826635,-.84524852,-.58179367,-1.6757096,-.61180174,.098634042,-.4776426,-1.2321279,-.32300767
10010206,Ringkolonnaden,-.60724473,-.80696267,-.61309659,-.32372737,-1.0337297,-.54467106,-.11019383,-.061528299,-.40193537,-1.5607405
10010207,Marzahner Promenade,-.52533209,-.52386713,-.68663353,-.30092064,-1.2516857,-.51308221,-.029443948,-.050410148,-.014075252,-.81773883
10010308,Marzahner Chaussee,1.2755567,-.48349804,.88428628,.31518036,.63317072,-.32636377,1.016742,.91655833,1.750448,-1.9365273
10010309,Springpfuhl,-.25047559,-.31777322,-.32966492,-.34241325,-.66256475,-.19451082,.047471698,-.446679,.0025285983,-.19399013
10010310,Alt-Marzahn,.0038215518,-.067402028,.022009995,.069574215,-.39042619,-.11426362,.43149272,.24454561,-.0046081445,-.31307361
10010311,Landsberger Tor,.21788995,-.099574961,.39352867,.36654952,.69004601,.52629465,.044204876,.16009185,-.2207495,-1.0551896
10020412,Alte Hellersdorfer Straße,-2.0037565,-1.9766169,-1.8765551,-1.7520669,-2.5016098,-1.6812948,-.99969095,-1.5995579,-1.6805775,-1.8996457
10020413,Gut Hellersdorf,-.90083551,-.43590251,-.73247248,-.61488527,-1.2678967,-.72828734,-.098759957,-.42312306,-.96428156,.068504274
10020414,Helle Mitte,-1.3169222,-.38689631,-1.0900983,-.73077369,-1.1989363,-.39717618,-.83498299,-.97124243,-1.4188484,.39820319
10020415,Hellersdorfer Promenade,-1.8466077,-1.5936961,-1.4852775,-1.5041206,-2.486248,-1.8926998,-.28500187,-.92385823,-2.0167327,-1.2946235
10020416,Böhlener Str.,-1.6514034,-1.3656131,-1.6800691,-1.2210392,-2.5662634,-1.1304007,-.56843108,-1.1560702,-1.0856062,-1.2949716
10020517,Adele-Sandrock-Str.,.30024412,.066438213,.26422462,.21166191,-.016821101,.090808228,.5098148,.30554169,.31348667,-.24026996
10020518,Schleipfuhl,-.49814776,-.099144459,-.15184075,-.47122157,-1.0041844,-.9757303,.72087795,.093339004,-1.0103062,.75344455
10020519,Boulevard Kastanienallee,-1.7066406,-1.5605829,-1.8249844,-1.2521937,-2.8096709,-1.3597374,-.5954085,-.98507214,-.93573463,-1.7542318
10020620,Kaulsdorf Nord II,-.52437359,-.50937861,-.60290182,-.30928364,-.95191562,-.45925429,-.1729864,-.11989834,-.19802845,-.76651901
10020621,Gelbes Viertel,-1.1468753,-1.5371062,-.92180097,-1.1234806,-1.2292763,-1.1799625,-.49063179,-.92382383,-1.2765505,-1.9608858
10020622,Kaulsdorf Nord I,.05416812,.077510394,-.095494024,.30014148,-.49006179,.051084772,.3118878,.5109486,.37378487,-.37912583
10020623,Rotes Viertel,-.047434427,-.22879866,.029973134,-.032709546,-.10368661,.095634706,.15961087,-.15688534,-.18317236,-.58529651
10030724,Oberfeldstr.,1.6076102,1.3627163,1.487286,1.4292351,1.4098327,1.3682965,1.3651645,1.3080339,1.4274012,.8520996
10030725,Buckower Ring,-.46035129,-.96329284,-.41275433,-.41645399,-.29579404,-.097713172,-.47432831,-.68212247,-.44242546,-1.862802
10030726,Alt-Biesdorf,.04965058,.30866411,1.207985,1.1434079,1.4145362,.96018809,.83933777,1.1809136,-2.3445859,-1.4882866
10030727,Biesdorf Süd,1.7386721,1.4902399,1.4745231,1.4382441,1.4360713,1.3713815,1.3151128,1.3218188,1.8142418,1.1904646
10040828,Kaulsdorf Nord,1.2691746,1.133278,.80596197,1.0861146,.71008646,.99859262,.79368776,1.0352237,1.881531,.92501009
10040829,Alt-Kaulsdorf,.98581254,.083443552,1.1496437,.80564594,1.2111943,.73005217,.93382567,.77856928,.38208678,-1.4289644
10040830,Kaulsdorf Süd,1.4902828,1.3841008,1.3402352,1.2980849,1.3184042,1.2198431,1.1822239,1.2109005,1.3982716,1.1855983
10040931,Mahlsdorf Nord,1.4862287,1.2266445,1.2281251,1.1872689,1.2911816,1.2463799,1.0002701,.97685409,1.6098979,.96066248
10040932,Alt-Mahlsdorf,.92032856,1.1644475,1.1330591,1.2388079,1.1084176,1.3010827,1.0056587,1.0186611,.24051712,.67964619
10040933,Mahlsdorf Süd,1.5494429,1.4455291,1.3589213,1.4117944,1.2719861,1.3266394,1.2635068,1.3170323,1.5289177,1.1222823
11010101,Dorf Malchow,,,,,,,,,,
11010102,Dorf Wartenberg,1.2704613,1.4697775,1.3298663,1.34842,1.3393192,1.3721102,1.1419624,1.1528891,.80737841,1.309866
11010103,Dorf Falkenberg,1.1702472,1.3668964,.86993009,.87273258,1.2518955,.62615091,.37123123,1.0080944,1.4419659,2.0372243
11010204,Falkenberg Ost,-.77693999,-1.2339246,-.80777812,-1.0378863,-1.4321926,-1.3601512,-.074970312,-.58335453,-.46034014,-1.262725
11010205,Falkenberg West,-.74686909,-.48199689,-.70735753,-.52210414,-1.0199119,-.69680905,-.29988492,-.28086302,-.60453147,-.2461548
11010206,Wartenberg Süd,-.25894517,-.78577834,-.40833694,-.65478373,-.75942397,-.86111069,-.0024563302,-.36501205,.14103967,-.81676131
11010207,Wartenberg Nord,-.95356345,-.75584084,-.51826382,-.52533603,-1.0949091,-.95909017,.12792577,-.024633765,-1.545125,-.97727513
11010308,Zingster Straße Ost,-.64833695,-.84183282,-.55359679,-.78141683,-1.0512015,-1.1189088,.018293459,-.34434226,-.63191324,-.69695467
11010309,Zingster Straße West,-.96896362,-1.3454378,-.82283294,-1.1598679,-1.2964576,-1.215111,-.23879461,-.95681292,-.97316611,-1.3498921
11010310,Mühlengrund,.070292763,-.33395252,-.0028401283,-.15423849,-.48479065,-.1608604,.4794915,-.12796064,.2355651,-.61289406
11020411,Malchower Weg,.896819,.11328685,.87795311,.012651589,.71978986,-.72075284,.91830635,.74444371,.70600754,.36836156
11020412,Hauptstraße,-.62508041,-.25593695,-.5050211,-.37149096,-.1207277,-.35022199,-.82154721,-.34541765,-.73022556,.052578989
11020513,Orankesee,1.5383091,.69379181,1.3544202,1.199657,1.2130822,.99894631,1.3140124,1.247485,1.5111487,-.52665526
11020514,Große-Leege-Straße,.0031282762,.29376823,.47392547,.10730259,.18675862,-.20818144,.69749761,.40911213,-.93864757,.63213134
11020515,Landsberger Allee,.0042838072,-.28987226,.042183988,-.15350896,-.25135446,-.33248839,.33006188,.04503344,-.053108867,-.47288454
11020516,Weiße Taube,.69793898,1.2175422,1.210235,1.3013456,1.165061,1.2196213,1.0930111,1.2172282,-.53258145,.71369809
11030617,Hohenschönhausener Straße,-.4189302,-1.0942404,-.66626179,-.73652339,-1.4616547,-.9337166,.21853477,-.44546872,.25610143,-1.5103879
11030618,Fennpfuhl West,-.03522744,-.053080045,.079801902,.24475662,-.21197814,.17969644,.36087355,.27862537,-.23968372,-.64884984
11030619,Fennpfuhl Ost,-.58221656,-.70317316,-.56749451,-.46515208,-.9393084,-.48881924,-.11953016,-.38220659,-.4291715,-.99844104
11030720,Herzbergstraße,-1.1546196,-.48401633,-.28159007,.37211975,-.29012796,.39417669,-.2352664,.30264038,-2.6272883,-2.1265657
11030721,Rüdigerstraße,-.33471441,-.20504282,.086332105,.37217975,-.22540957,.14440633,.38648912,.55252308,-1.082402,-1.3204347
11030824,Frankfurter Allee Süd,-.22987607,-.83322501,-.029997895,-.40881321,-.36337754,-.18722263,.30740708,-.57830518,-.55238956,-1.5047911
11040925,Victoriastadt,-.56214535,.35965112,-.063453816,.053718179,.25638911,.60819834,-.37478206,-.50760776,-1.45293,.83486873
11040926,Weitlingstraße,-.14561316,-.19733396,-.031490587,.31449535,-.32674021,.18969558,.26798466,.39921626,-.31833354,-1.1902487
11041022,Rosenfelder Ring,-.91437864,-.56309342,-.64095289,-.2492203,-1.3347834,-.79216617,.13888529,.32548586,-1.1773643,-.99938798
11041023,Gensinger Straße,-.51932919,-.50368166,-.61259371,-.4784058,-.99997145,-.46859118,-.14301378,-.42725307,-.16147083,-.41696969
11041027,Tierpark,-.54205537,-1.0031663,-.39418179,-.30547842,-1.0055414,-.6936174,.27007198,.12159028,-.65448868,-2.1291635
11041128,Sewanstraße,-.17618002,-.35245016,-.056212489,-.18858369,-.26160091,-.2514652,.15671892,-.10166933,-.35911492,-.5874095
11051229,Rummelsburg,.26563197,.52039909,.73310685,.45856363,.65205503,.20304607,.71578515,.65564245,-.7546944,.53094882
11051330,Karlhorst West,.75511664,.77412945,.82546139,.96745008,.87965351,.91043669,.66050297,.901173,.40480787,.16399913
11051331,Karlshorst Nord,1.1165138,.88389015,1.0855973,1.0870671,.93846637,.82752889,1.0870551,1.208071,.89054328,.24431416
11051332,Karlshorst Süd,.75647545,1.2889464,1.18004,1.2520545,1.1316389,1.2248429,1.0700949,1.119706,-.30828384,1.0096561
12103115,Breitkopfbecken,-1.40496,-.89235729,-1.3224877,-.98627919,-1.2814338,-.84960991,-1.1860808,-.99725842,-1.1992115,-.463864
12103116,Hausotterplatz,-.68864423,-.9325279,-.70049542,-.90083456,-.94082206,-1.3021554,-.36617127,-.38471264,-.46223357,-.69608116
12103117,Letteplatz,-.83254218,-1.1380026,-1.0684875,-.97572142,-1.314898,-1.0722916,-.67869967,-.7548067,-.10932892,-1.1475043
12103218,Teichstraße,-.85734248,-.73815167,-.57775736,-.61620557,-.67367613,-.72525418,-.40431097,-.42862856,-1.1913465,-.77397007
12103219,Schäfersee,-.52191108,-.75715035,-.5492487,-.39048463,-1.1618649,-.75731617,.13706955,.026109723,-.28177592,-1.2676151
12103220,Humboldtstraße,.051787406,-.42542979,-.11729443,-.20771128,-.30510733,-.23534656,.086257868,-.15360557,.39679721,-.75547135
12214125,Waldidyll/Flughafensee,.95702946,.54895437,.85353982,.52175063,.78261298,.3643344,.80993259,.61267567,.91661429,.46933284
12214126,Tegel Süd,-1.1107436,-1.1758657,-.96201116,-1.0699996,-1.0451154,-1.1796982,-.74981743,-.82394165,-1.1103663,-1.0564796
12214421,Reinickes Hof,-.92677283,-.42671025,-.55912602,-.73973739,-.96950251,-1.3195482,-.073721983,-.065655448,-1.3993316,.40261456
12214422,Klixstr.,-1.3495755,-1.6148129,-1.3021926,-1.6378654,-1.2888421,-1.7814823,-1.1408056,-1.2855211,-1.0850236,-1.1024125
12214423,Mellerbogen,-.31485263,-.22159544,-.20410667,-.22447349,-.75517499,-.54795581,.37435013,.12761541,-.41679144,-.11957811
12214424,Scharnweberstr.,-1.0449548,-1.0393631,-.93107921,-1.0812992,-1.2135307,-1.5781442,-.52368891,-.44665486,-.97666162,-.61038941
12214527,Alt-Tegel,.46961251,.2417597,.46077111,.53925145,.67957902,.45541814,.18013369,.55436331,.34582049,-.43334207
12214528,Tegeler Forst,,,,,,,,,,
12224229,Konradshöhe/Tegelort,1.4524612,1.252921,1.3571489,1.3005229,1.3058664,1.1707712,1.2263196,1.2645377,1.2609257,.81938893
12224230,Heiligensee,1.4305251,1.2491419,1.2214794,1.1443999,1.3576715,1.128323,.92138064,1.0146362,1.4636674,1.1204065
12231101,Hermsdorf,1.3150574,1.1539656,1.2651607,1.1277062,1.2824148,1.1488428,1.0781384,.96285623,1.062699,.88505298
12231102,Frohnau,1.2685897,1.0820892,1.3376062,1.241346,1.4860029,1.2184989,1.00972,1.1059977,.77635545,.45325193
12301203,Wittenau Süd,-.19554047,-.50638199,.068114042,-.038342316,-.047089621,-.27036616,.17417768,.19856782,-.67327726,-1.3111194
12301204,Wittenau Nord,1.1319561,.85854077,.96434075,.63169545,1.0002719,.46274179,.79900748,.72014672,1.1678567,1.107884
12301205,Waidmannslust,1.0912151,.76957774,1.0498139,.81361699,1.0439781,.67993569,.91477817,.84361213,.88326091,.47834533
12301206,Lübars,1.1140928,1.2703968,1.2155373,1.1645089,1.2371792,1.0548099,1.030786,1.1258045,.60623878,1.1480753
12302107,Schorfheidestr.,.92705435,.30031615,1.0148135,.4947544,.92839539,.45875642,.96505684,.46770155,.5051592,-.18252088
12302108,Märkisches Zentrum,-.70874596,-1.1615732,-1.0188465,-1.1695793,-1.2516035,-1.638525,-.64937353,-.55158406,.1317182,-.77190012
12302109,Treuenbrietzener Str.,-2.078227,-1.9767581,-1.7117505,-1.7982817,-1.9545203,-2.1036146,-1.2392858,-1.2637782,-2.2513714,-1.7642477
12302110,Dannenwalder Weg,-1.0622431,-1.5551423,-.80872494,-1.5765533,-1.2410356,-1.9971546,-.26789379,-.95503843,-1.2637335,-1.033303
12302211,Lübarser Straße,.86828452,.23425558,.56421745,.42289865,.64312631,.26257426,.40959787,.52932942,1.2505847,-.20496805
12302212,Rollbergesiedlung,-1.3683444,-1.7237641,-1.5301149,-2.3106,-.99185848,-2.5655091,-1.8630496,-1.7612313,-.70939791,-.00041473936
12304313,Borsigwalde,-.078307956,.0036527461,.075264081,.044567592,-.02248342,-.056592427,.16291212,.14004798,-.36392128,-.071431585
12304314,Ziekowstraße/Freie Scholle,.5718202,.59593284,.42108527,.39959046,.47290507,.53664643,.31276125,.21161123,.72246575,.82258183
